{"cameraMode":{"drawMode":0,"name":"Shaded","section":"Shading Mode"},"sceneLighting":true,"audioPlay":false,"sceneViewState":{"showFog":true,"showMaterialUpdate":false,"showSkybox":true,"showFlares":true,"showImageEffects":true,"showParticleSystems":true},"in2DMode":false,"pivot":{"x":5.097749710083008,"y":15.332406997680664,"z":-9.990829467773438},"rotation":{"x":-0.4571492671966553,"y":0.055977895855903628,"z":-0.028881635516881944,"w":-0.8871567249298096},"size":11.154592514038086,"orthographic":true}