{"cameraMode":{"drawMode":0,"name":"Shaded","section":"Shading Mode"},"sceneLighting":true,"audioPlay":false,"sceneViewState":{"showFog":true,"showMaterialUpdate":false,"showSkybox":true,"showFlares":true,"showImageEffects":true,"showParticleSystems":true},"in2DMode":false,"pivot":{"x":5.097749710083008,"y":15.332406997680664,"z":-9.990829467773438},"rotation":{"x":-0.45005714893341067,"y":0.06820979714393616,"z":-0.03454018756747246,"w":-0.8897207379341126},"size":11.154592514038086,"orthographic":true}