{"cameraMode":{"drawMode":0,"name":"Shaded","section":"Shading Mode"},"sceneLighting":true,"audioPlay":false,"sceneViewState":{"showFog":true,"showMaterialUpdate":false,"showSkybox":true,"showFlares":true,"showImageEffects":true,"showParticleSystems":true},"in2DMode":false,"pivot":{"x":6.378188133239746,"y":18.8599910736084,"z":7.658448219299316},"rotation":{"x":-0.4287836253643036,"y":0.5675562620162964,"z":-0.5377392172813416,"w":-0.4526159167289734},"size":10.098291397094727,"orthographic":true}