{"cameraMode":{"drawMode":0,"name":"Shaded","section":"Shading Mode"},"sceneLighting":true,"audioPlay":false,"sceneViewState":{"showFog":true,"showMaterialUpdate":false,"showSkybox":true,"showFlares":true,"showImageEffects":true,"showParticleSystems":true},"in2DMode":false,"pivot":{"x":2.826850414276123,"y":1.0116400718688965,"z":4.480841636657715},"rotation":{"x":-0.713441789150238,"y":-0.0019047197420150042,"z":0.0019022709457203746,"w":-0.7007094025611877},"size":10.665797233581543,"orthographic":true}